schemaname	tablename	policyname	permissive	roles	cmd	qual	with_check
public	achievements	Users manage their achievements	PERMISSIVE	{public}	ALL	(auth.uid() = user_id)	(auth.uid() = user_id)
public	activity_log	Users see own activity	PERMISSIVE	{public}	ALL	(auth.uid() = user_id)	
public	ai_insights	Users manage own insights	PERMISSIVE	{public}	ALL	(auth.uid() = user_id)	
public	ai_insights	Users view their own insights	PERMISSIVE	{public}	SELECT	(auth.uid() = user_id)	
public	ai_usage_log	Users see own AI usage	PERMISSIVE	{public}	SELECT	(auth.uid() = user_id)	
public	annual_reviews	Users manage their annual reviews	PERMISSIVE	{public}	ALL	(auth.uid() = user_id)	(auth.uid() = user_id)
public	api_keys	Users manage own API keys	PERMISSIVE	{public}	ALL	(auth.uid() = user_id)	(auth.uid() = user_id)
public	appreciation_log	Users manage their appreciation log	PERMISSIVE	{public}	ALL	(auth.uid() = user_id)	(auth.uid() = user_id)
public	appreciation_logs	Users manage their appreciation logs	PERMISSIVE	{public}	ALL	(auth.uid() = user_id)	(auth.uid() = user_id)
public	auto_reminder_settings	Users manage their reminder settings	PERMISSIVE	{public}	ALL	(auth.uid() = user_id)	(auth.uid() = user_id)
public	availability_blackouts	Users manage their blackouts	PERMISSIVE	{public}	ALL	(auth.uid() = user_id)	(auth.uid() = user_id)
public	availability_blocks	Users manage availability blocks	PERMISSIVE	{public}	ALL	(auth.uid() = user_id)	(auth.uid() = user_id)
public	availability_blocks	Users manage their blocks	PERMISSIVE	{public}	ALL	(auth.uid() = user_id)	(auth.uid() = user_id)
public	availability_dates	Public can view availability dates	PERMISSIVE	{public}	SELECT	true	
public	availability_dates	Users manage their availability dates	PERMISSIVE	{public}	ALL	(auth.uid() = user_id)	(auth.uid() = user_id)
public	availability_days	Users manage their availability	PERMISSIVE	{public}	ALL	(auth.uid() = user_id)	(auth.uid() = user_id)
public	availability_pages	Users manage their availability page	PERMISSIVE	{public}	ALL	(auth.uid() = user_id)	(auth.uid() = user_id)
public	availability_settings	Public can view public availability settings	PERMISSIVE	{public}	SELECT	(is_public = true)	
public	availability_settings	Users manage availability settings	PERMISSIVE	{public}	ALL	(auth.uid() = user_id)	(auth.uid() = user_id)
public	availability_settings	Users manage their availability	PERMISSIVE	{public}	ALL	(auth.uid() = user_id)	(auth.uid() = user_id)
public	availability_settings	Users manage their availability settings	PERMISSIVE	{public}	ALL	(auth.uid() = user_id)	(auth.uid() = user_id)
public	availability_slots	Owner manages slots	PERMISSIVE	{public}	ALL	(auth.uid() = user_id)	(auth.uid() = user_id)
public	availability_slots	Public can read slots	PERMISSIVE	{public}	SELECT	true	
public	billing_milestones	Users manage billing milestones	PERMISSIVE	{public}	ALL	(auth.uid() = user_id)	(auth.uid() = user_id)
public	booking_pages	Users manage their booking page	PERMISSIVE	{public}	ALL	(auth.uid() = user_id)	(auth.uid() = user_id)
public	booking_pages	Users manage their booking pages	PERMISSIVE	{public}	ALL	(auth.uid() = user_id)	(auth.uid() = user_id)
public	booking_requests	Users manage their booking requests	PERMISSIVE	{public}	ALL	(auth.uid() = user_id)	(auth.uid() = user_id)
public	bookings	Users manage their bookings	PERMISSIVE	{public}	ALL	(auth.uid() = user_id)	(auth.uid() = user_id)
public	brand_guides	Users manage their brand guide	PERMISSIVE	{public}	ALL	(auth.uid() = user_id)	(auth.uid() = user_id)
public	brand_voice_guides	Users manage their brand voice	PERMISSIVE	{public}	ALL	(auth.uid() = user_id)	(auth.uid() = user_id)
public	brief_scores	Users manage brief scores	PERMISSIVE	{public}	ALL	(auth.uid() = user_id)	(auth.uid() = user_id)
public	broadcast_emails	Users manage their broadcasts	PERMISSIVE	{public}	ALL	(auth.uid() = user_id)	(auth.uid() = user_id)
public	budget_expenses	Users manage their budget expenses	PERMISSIVE	{public}	ALL	(auth.uid() = user_id)	(auth.uid() = user_id)
public	budgets	Users manage own budgets	PERMISSIVE	{public}	ALL	(auth.uid() = user_id)	
public	burnout_assessments	Users manage burnout assessments	PERMISSIVE	{public}	ALL	(auth.uid() = user_id)	(auth.uid() = user_id)
public	business_expenses	Users manage their expenses	PERMISSIVE	{public}	ALL	(auth.uid() = user_id)	(auth.uid() = user_id)
public	business_plans	Users manage their business plans	PERMISSIVE	{public}	ALL	(auth.uid() = user_id)	(auth.uid() = user_id)
public	business_subscriptions	Users manage their subscriptions	PERMISSIVE	{public}	ALL	(auth.uid() = user_id)	(auth.uid() = user_id)
public	capacity_settings	Users manage capacity settings	PERMISSIVE	{public}	ALL	(auth.uid() = user_id)	(auth.uid() = user_id)
public	case_studies	Public can view published case studies	PERMISSIVE	{public}	SELECT	(is_public = true)	
public	case_studies	Public read published case studies	PERMISSIVE	{public}	SELECT	(is_public = true)	
public	case_studies	Users manage case studies (#793)	PERMISSIVE	{public}	ALL	(auth.uid() = user_id)	(auth.uid() = user_id)
public	case_studies	Users manage own case studies	PERMISSIVE	{public}	ALL	(auth.uid() = user_id)	(auth.uid() = user_id)
public	case_studies	Users manage their case studies	PERMISSIVE	{public}	ALL	(auth.uid() = user_id)	(auth.uid() = user_id)
public	cashflow_items	Users manage their cashflow items	PERMISSIVE	{public}	ALL	(auth.uid() = user_id)	(auth.uid() = user_id)
public	client_activities	Users manage their activities	PERMISSIVE	{public}	ALL	(auth.uid() = user_id)	(auth.uid() = user_id)
public	client_avatars	Users manage their client avatars	PERMISSIVE	{public}	ALL	(auth.uid() = user_id)	(auth.uid() = user_id)
public	client_briefs	Users manage their briefs	PERMISSIVE	{public}	ALL	(auth.uid() = user_id)	(auth.uid() = user_id)
public	client_checkins	Users can manage their own check-ins	PERMISSIVE	{public}	ALL	(auth.uid() = user_id)	(auth.uid() = user_id)
public	client_checklists	Users manage their client checklists	PERMISSIVE	{public}	ALL	(auth.uid() = user_id)	(auth.uid() = user_id)
public	client_comm_log	Users manage their comm log	PERMISSIVE	{public}	ALL	(auth.uid() = user_id)	(auth.uid() = user_id)
public	client_comms	Users manage their client comms	PERMISSIVE	{public}	ALL	(auth.uid() = user_id)	(auth.uid() = user_id)
public	client_communications	Users manage their communications	PERMISSIVE	{public}	ALL	(auth.uid() = user_id)	(auth.uid() = user_id)
public	client_contacts	Users manage their client contacts	PERMISSIVE	{public}	ALL	(auth.uid() = user_id)	(auth.uid() = user_id)
public	client_contacts	Users manage their contacts	PERMISSIVE	{public}	ALL	(auth.uid() = user_id)	(auth.uid() = user_id)
public	client_documents	Users manage their client documents	PERMISSIVE	{public}	ALL	(auth.uid() = user_id)	(auth.uid() = user_id)
public	client_documents	Users manage their documents	PERMISSIVE	{public}	ALL	(auth.uid() = user_id)	(auth.uid() = user_id)
public	client_events	Users manage their client events	PERMISSIVE	{public}	ALL	(auth.uid() = user_id)	(auth.uid() = user_id)
public	client_feedback	Users manage their client feedback	PERMISSIVE	{public}	ALL	(auth.uid() = user_id)	(auth.uid() = user_id)
public	client_followups	Users manage their followups	PERMISSIVE	{public}	ALL	(auth.uid() = user_id)	(auth.uid() = user_id)
public	client_gifts	Users manage their gifts	PERMISSIVE	{public}	ALL	(auth.uid() = user_id)	(auth.uid() = user_id)
public	client_goals	Users manage their goals	PERMISSIVE	{public}	ALL	(auth.uid() = user_id)	(auth.uid() = user_id)
public	client_greeting_log	Users manage their greeting log	PERMISSIVE	{public}	ALL	(auth.uid() = user_id)	(auth.uid() = user_id)
public	client_important_dates	Users manage their dates	PERMISSIVE	{public}	ALL	(auth.uid() = user_id)	(auth.uid() = user_id)
public	client_important_dates	Users manage their important dates	PERMISSIVE	{public}	ALL	(auth.uid() = user_id)	(auth.uid() = user_id)
public	client_interactions	Users manage their client interactions	PERMISSIVE	{public}	ALL	(auth.uid() = user_id)	(auth.uid() = user_id)
public	client_ltv_snapshots	Users manage their ltv snapshots	PERMISSIVE	{public}	ALL	(auth.uid() = user_id)	(auth.uid() = user_id)
public	client_meetings	Users manage their meetings	PERMISSIVE	{public}	ALL	(auth.uid() = user_id)	(auth.uid() = user_id)
public	client_moods	Users manage their moods	PERMISSIVE	{public}	ALL	(auth.uid() = user_id)	(auth.uid() = user_id)
public	client_notes	Users manage their client notes	PERMISSIVE	{public}	ALL	(auth.uid() = user_id)	(auth.uid() = user_id)
public	client_notes	Users manage their own client notes	PERMISSIVE	{public}	ALL	(auth.uid() = user_id)	(auth.uid() = user_id)
public	client_nps	Users manage their NPS	PERMISSIVE	{public}	ALL	(auth.uid() = user_id)	(auth.uid() = user_id)
public	client_onboarding_emails	Users manage their onboarding emails	PERMISSIVE	{public}	ALL	(auth.uid() = user_id)	(auth.uid() = user_id)
public	client_onboardings	client_onboardings_user_363	PERMISSIVE	{public}	ALL	(auth.uid() = user_id)	(auth.uid() = user_id)
public	client_portal_tokens	Users manage client portal tokens	PERMISSIVE	{public}	ALL	(auth.uid() = user_id)	(auth.uid() = user_id)
public	client_portal_tokens	Users manage their own portal tokens	PERMISSIVE	{public}	ALL	(auth.uid() = user_id)	(auth.uid() = user_id)
public	client_portals	Users manage portals	PERMISSIVE	{public}	ALL	(auth.uid() = user_id)	(auth.uid() = user_id)
public	client_portals	Users manage their portals	PERMISSIVE	{public}	ALL	(auth.uid() = user_id)	(auth.uid() = user_id)
public	client_quick_notes	Users manage their quick notes	PERMISSIVE	{public}	ALL	(auth.uid() = user_id)	(auth.uid() = user_id)
public	client_referrals	Users manage their referrals	PERMISSIVE	{public}	ALL	(auth.uid() = user_id)	(auth.uid() = user_id)
public	client_retainers	Users manage their retainers	PERMISSIVE	{public}	ALL	(auth.uid() = user_id)	(auth.uid() = user_id)
public	client_satisfaction	Users manage their satisfaction	PERMISSIVE	{public}	ALL	(auth.uid() = user_id)	(auth.uid() = user_id)
public	client_status_updates	Users manage their status updates	PERMISSIVE	{public}	ALL	(auth.uid() = user_id)	(auth.uid() = user_id)
public	client_surveys	Public can submit surveys	PERMISSIVE	{public}	UPDATE	(status = 'pending'::text)	
public	client_surveys	Users manage their surveys	PERMISSIVE	{public}	ALL	(auth.uid() = user_id)	(auth.uid() = user_id)
public	client_testimonials	Users manage their testimonials	PERMISSIVE	{public}	ALL	(auth.uid() = user_id)	(auth.uid() = user_id)
public	client_welcome_links	Users manage their welcome links	PERMISSIVE	{public}	ALL	(auth.uid() = user_id)	(auth.uid() = user_id)
public	client_winback	Users manage their winback campaigns	PERMISSIVE	{public}	ALL	(auth.uid() = user_id)	(auth.uid() = user_id)
public	clients	Users manage own clients	PERMISSIVE	{public}	ALL	(auth.uid() = user_id)	
public	closeout_items	Users manage their closeout items	PERMISSIVE	{public}	ALL	(auth.uid() = user_id)	(auth.uid() = user_id)
public	coach_conversations	Users manage their coach conversations	PERMISSIVE	{public}	ALL	(auth.uid() = user_id)	(auth.uid() = user_id)
public	coach_messages	Users manage their coach messages	PERMISSIVE	{public}	ALL	(auth.uid() = user_id)	(auth.uid() = user_id)
public	coaching_tips	Users manage their coaching tips	PERMISSIVE	{public}	ALL	(auth.uid() = user_id)	(auth.uid() = user_id)
public	comm_templates	Users manage their templates	PERMISSIVE	{public}	ALL	(auth.uid() = user_id)	(auth.uid() = user_id)
public	comm_templates	Users see their templates and defaults	PERMISSIVE	{public}	SELECT	((is_default = true) OR (auth.uid() = user_id))	
public	communication_logs	Users manage their communication logs	PERMISSIVE	{public}	ALL	(auth.uid() = user_id)	(auth.uid() = user_id)
public	communications	Users manage their communications	PERMISSIVE	{public}	ALL	(auth.uid() = user_id)	(auth.uid() = user_id)
public	community_messages	Authenticated users can insert messages	PERMISSIVE	{authenticated}	INSERT		(auth.uid() IS NOT NULL)
public	community_messages	Community messages readable by authenticated users	PERMISSIVE	{authenticated}	SELECT	true	
public	community_profiles	Community profiles readable by authenticated users	PERMISSIVE	{authenticated}	SELECT	true	
public	community_profiles	Users manage own community profile	PERMISSIVE	{authenticated}	ALL	(user_id = auth.uid())	(user_id = auth.uid())
public	community_rooms	Rooms readable by authenticated users	PERMISSIVE	{authenticated}	SELECT	true	
public	competitor_analyses	Users manage their competitor analyses	PERMISSIVE	{public}	ALL	(auth.uid() = user_id)	(auth.uid() = user_id)
public	contact_inquiries	Owner can read inquiries	PERMISSIVE	{public}	SELECT	(auth.uid() = recipient_user_id)	
public	content_briefs	Users manage their content briefs	PERMISSIVE	{public}	ALL	(auth.uid() = user_id)	(auth.uid() = user_id)
public	content_posts	Users manage their content	PERMISSIVE	{public}	ALL	(auth.uid() = user_id)	(auth.uid() = user_id)
public	content_posts	Users manage their content posts	PERMISSIVE	{public}	ALL	(auth.uid() = user_id)	(auth.uid() = user_id)
public	contract_amendments	Users manage their amendments	PERMISSIVE	{public}	ALL	(auth.uid() = user_id)	(auth.uid() = user_id)
public	contract_analyses	Users manage their contract analyses	PERMISSIVE	{public}	ALL	(auth.uid() = user_id)	(auth.uid() = user_id)
public	contract_breaches	Users manage their contract breaches	PERMISSIVE	{public}	ALL	(auth.uid() = user_id)	(auth.uid() = user_id)
public	contract_builds	Users manage their contracts	PERMISSIVE	{public}	ALL	(auth.uid() = user_id)	(auth.uid() = user_id)
public	contract_checklists	Users manage their contract checklists	PERMISSIVE	{public}	ALL	(auth.uid() = user_id)	(auth.uid() = user_id)
public	contract_clauses	Users manage their clauses	PERMISSIVE	{public}	ALL	(auth.uid() = user_id)	(auth.uid() = user_id)
public	contract_clauses	Users manage their contract clauses	PERMISSIVE	{public}	ALL	(auth.uid() = user_id)	(auth.uid() = user_id)
public	contract_signatures	Anyone can create a signature	PERMISSIVE	{public}	INSERT		true
public	contract_template_builder	Users manage their builder templates	PERMISSIVE	{public}	ALL	(auth.uid() = user_id)	(auth.uid() = user_id)
public	contract_templates	Users manage their contract templates	PERMISSIVE	{public}	ALL	((auth.uid() = user_id) OR (is_system = true))	(auth.uid() = user_id)
public	contractor_assignments	Users manage their contractor assignments	PERMISSIVE	{public}	ALL	(auth.uid() = user_id)	(auth.uid() = user_id)
public	contractors	Users manage their contractors	PERMISSIVE	{public}	ALL	(auth.uid() = user_id)	(auth.uid() = user_id)
public	contracts	Users manage contracts	PERMISSIVE	{public}	ALL	(auth.uid() = user_id)	(auth.uid() = user_id)
public	contracts	Users manage own contracts	PERMISSIVE	{public}	ALL	(auth.uid() = user_id)	
public	contracts	Users manage their contracts	PERMISSIVE	{public}	ALL	(auth.uid() = user_id)	(auth.uid() = user_id)
public	cover_letters	Users manage their cover letters	PERMISSIVE	{public}	ALL	(auth.uid() = user_id)	(auth.uid() = user_id)
public	credit_notes	Users manage their credit notes	PERMISSIVE	{public}	ALL	(auth.uid() = user_id)	(auth.uid() = user_id)
public	crm_leads	Users manage their CRM leads	PERMISSIVE	{public}	ALL	(auth.uid() = user_id)	(auth.uid() = user_id)
public	crm_reminders	Users manage their reminders	PERMISSIVE	{public}	ALL	(auth.uid() = user_id)	(auth.uid() = user_id)
public	currency_settings	Users manage currency settings	PERMISSIVE	{public}	ALL	(auth.uid() = user_id)	(auth.uid() = user_id)
public	daily_dashboard_data	daily_dashboard_data_owner	PERMISSIVE	{public}	ALL	(auth.uid() = user_id)	
public	daily_productivity_scores	Users manage their productivity scores	PERMISSIVE	{public}	ALL	(auth.uid() = user_id)	(auth.uid() = user_id)
public	daily_tasks	Users manage their daily tasks	PERMISSIVE	{public}	ALL	(auth.uid() = user_id)	(auth.uid() = user_id)
public	daily_tips	Users manage their daily tips	PERMISSIVE	{public}	ALL	(auth.uid() = user_id)	(auth.uid() = user_id)
public	deliverable_revisions	Users manage their deliverable revisions	PERMISSIVE	{public}	ALL	(auth.uid() = user_id)	(auth.uid() = user_id)
public	deliverables	Users manage their deliverables	PERMISSIVE	{public}	ALL	(auth.uid() = user_id)	(auth.uid() = user_id)
public	dev_feedback	dev_feedback_whitelist_insert	PERMISSIVE	{authenticated}	INSERT		((user_id = auth.uid()) AND ((auth.jwt() ->> 'email'::text) = ANY (ARRAY['krokusstudia2@gmail.com'::text, 'lancerwise.team@gmail.com'::text])))
public	dev_feedback	dev_feedback_whitelist_select	PERMISSIVE	{authenticated}	SELECT	((auth.jwt() ->> 'email'::text) = ANY (ARRAY['krokusstudia2@gmail.com'::text, 'lancerwise.team@gmail.com'::text]))	
public	digest_preferences	Users manage their digest prefs	PERMISSIVE	{public}	ALL	(auth.uid() = user_id)	(auth.uid() = user_id)
public	digest_send_log	Users view their digest log	PERMISSIVE	{public}	SELECT	(auth.uid() = user_id)	
public	digest_settings	Users manage their digest settings	PERMISSIVE	{public}	ALL	(auth.uid() = user_id)	(auth.uid() = user_id)
public	digital_product_sales	Users manage their product sales	PERMISSIVE	{public}	ALL	(auth.uid() = user_id)	(auth.uid() = user_id)
public	digital_products	Users manage their digital products	PERMISSIVE	{public}	ALL	(auth.uid() = user_id)	(auth.uid() = user_id)
public	discount_codes	Users manage their discount codes	PERMISSIVE	{public}	ALL	(auth.uid() = user_id)	(auth.uid() = user_id)
public	email_logs	Users can view their own email logs	PERMISSIVE	{public}	SELECT	(auth.uid() = user_id)	
public	email_responses	Users manage email responses	PERMISSIVE	{public}	ALL	(auth.uid() = user_id)	(auth.uid() = user_id)
public	email_sequences	Users manage their email sequences	PERMISSIVE	{public}	ALL	(auth.uid() = user_id)	(auth.uid() = user_id)
public	email_signatures	Users manage their email signatures	PERMISSIVE	{public}	ALL	(auth.uid() = user_id)	(auth.uid() = user_id)
public	email_templates	Users manage their email templates	PERMISSIVE	{public}	ALL	(auth.uid() = user_id)	(auth.uid() = user_id)
public	emergency_fund_log	Users manage their fund log	PERMISSIVE	{public}	ALL	(auth.uid() = user_id)	(auth.uid() = user_id)
public	estimates	Users manage their estimates	PERMISSIVE	{public}	ALL	(auth.uid() = user_id)	(auth.uid() = user_id)
public	expense_budgets	Users manage their budgets	PERMISSIVE	{public}	ALL	(auth.uid() = user_id)	(auth.uid() = user_id)
public	expense_budgets	Users manage their expense budgets	PERMISSIVE	{public}	ALL	(auth.uid() = user_id)	(auth.uid() = user_id)
public	expense_categories	Users manage their expense categories	PERMISSIVE	{public}	ALL	(auth.uid() = user_id)	(auth.uid() = user_id)
public	expenses	Users manage their expenses	PERMISSIVE	{public}	ALL	(auth.uid() = user_id)	(auth.uid() = user_id)
public	expenses	Users manage their own expenses	PERMISSIVE	{public}	ALL	(auth.uid() = user_id)	(auth.uid() = user_id)
public	faq_sets	Users manage their faq sets	PERMISSIVE	{public}	ALL	(auth.uid() = user_id)	(auth.uid() = user_id)
public	financial_settings	Users manage their financial settings	PERMISSIVE	{public}	ALL	(auth.uid() = user_id)	(auth.uid() = user_id)
public	focus_blocks	focus_blocks_owner	PERMISSIVE	{public}	ALL	(auth.uid() = user_id)	
public	focus_sessions	focus_sessions_owner	PERMISSIVE	{public}	ALL	(auth.uid() = user_id)	
public	freelance_goals	Users manage their goals	PERMISSIVE	{public}	ALL	(auth.uid() = user_id)	(auth.uid() = user_id)
public	freelance_project_templates	Users manage their project templates	PERMISSIVE	{public}	ALL	(auth.uid() = user_id)	(auth.uid() = user_id)
public	freelancer_skills	Users manage their skills	PERMISSIVE	{public}	ALL	(auth.uid() = user_id)	(auth.uid() = user_id)
public	generated_bios	Users manage their bios	PERMISSIVE	{public}	ALL	(auth.uid() = user_id)	(auth.uid() = user_id)
public	generated_contracts	Users manage their contracts	PERMISSIVE	{public}	ALL	(auth.uid() = user_id)	(auth.uid() = user_id)
public	generated_contracts	Users manage their generated contracts	PERMISSIVE	{public}	ALL	(auth.uid() = user_id)	(auth.uid() = user_id)
public	gmail_connections	Users can manage own gmail connection	PERMISSIVE	{public}	ALL	(auth.uid() = user_id)	
public	goal_milestones	Users manage their milestones	PERMISSIVE	{public}	ALL	(auth.uid() = user_id)	(auth.uid() = user_id)
public	growth_roadmaps	Users manage own roadmaps	PERMISSIVE	{public}	ALL	(auth.uid() = user_id)	
public	habit_definitions	Users manage their habits	PERMISSIVE	{public}	ALL	(auth.uid() = user_id)	(auth.uid() = user_id)
public	habit_logs	Users manage their habit logs	PERMISSIVE	{public}	ALL	(auth.uid() = user_id)	(auth.uid() = user_id)
public	habits	Users manage own habits	PERMISSIVE	{public}	ALL	(auth.uid() = user_id)	
public	handoff_documents	Users manage their handoff documents	PERMISSIVE	{public}	ALL	(auth.uid() = user_id)	(auth.uid() = user_id)
public	health_score_snapshots	Users manage their health scores	PERMISSIVE	{public}	ALL	(auth.uid() = user_id)	(auth.uid() = user_id)
public	health_snapshots	Users manage health snapshots	PERMISSIVE	{public}	ALL	(auth.uid() = user_id)	(auth.uid() = user_id)
public	inbox_messages	Users can manage own inbox messages	PERMISSIVE	{public}	ALL	(auth.uid() = user_id)	
public	income_diversification_reports	Users manage diversification reports	PERMISSIVE	{public}	ALL	(auth.uid() = user_id)	(auth.uid() = user_id)
public	income_goals	Users manage income goals	PERMISSIVE	{public}	ALL	(auth.uid() = user_id)	(auth.uid() = user_id)
public	income_targets	Users manage their income targets	PERMISSIVE	{public}	ALL	(auth.uid() = user_id)	(auth.uid() = user_id)
public	installment_plans	Users manage their installment plans	PERMISSIVE	{public}	ALL	(auth.uid() = user_id)	(auth.uid() = user_id)
public	insurance_policies	Users manage their insurance	PERMISSIVE	{public}	ALL	(auth.uid() = user_id)	(auth.uid() = user_id)
public	intake_forms	Users manage intake forms	PERMISSIVE	{public}	ALL	(auth.uid() = user_id)	(auth.uid() = user_id)
public	intake_forms	Users manage their intake forms	PERMISSIVE	{public}	ALL	(auth.uid() = user_id)	(auth.uid() = user_id)
public	intake_responses	Form owner updates responses	PERMISSIVE	{public}	UPDATE	(EXISTS ( SELECT 1
   FROM intake_forms
  WHERE ((intake_forms.id = intake_responses.form_id) AND (intake_forms.user_id = auth.uid()))))	
public	intake_responses	Form owner views responses	PERMISSIVE	{public}	SELECT	(EXISTS ( SELECT 1
   FROM intake_forms
  WHERE ((intake_forms.id = intake_responses.form_id) AND (intake_forms.user_id = auth.uid()))))	
public	intake_responses	Freelancers see their responses	PERMISSIVE	{public}	ALL	(auth.uid() = freelancer_user_id)	(auth.uid() = freelancer_user_id)
public	intake_responses	Public submit responses	PERMISSIVE	{public}	INSERT		true
public	invoice_branding	Users manage their invoice branding	PERMISSIVE	{public}	ALL	(auth.uid() = user_id)	(auth.uid() = user_id)
public	invoice_disputes	Users manage invoice disputes	PERMISSIVE	{public}	ALL	(auth.uid() = user_id)	(auth.uid() = user_id)
public	invoice_disputes	Users manage their disputes	PERMISSIVE	{public}	ALL	(auth.uid() = user_id)	(auth.uid() = user_id)
public	invoice_installments	Users manage their installments	PERMISSIVE	{public}	ALL	(auth.uid() = user_id)	(auth.uid() = user_id)
public	invoice_items_library	Users manage their items library	PERMISSIVE	{public}	ALL	(auth.uid() = user_id)	(auth.uid() = user_id)
public	invoice_payments	Users manage their invoice payments	PERMISSIVE	{public}	ALL	(auth.uid() = user_id)	(auth.uid() = user_id)
public	invoice_pdf_templates	Users manage their invoice templates	PERMISSIVE	{public}	ALL	(auth.uid() = user_id)	(auth.uid() = user_id)
public	invoice_reminder_log	Users view their reminder log	PERMISSIVE	{public}	ALL	(auth.uid() = user_id)	
public	invoice_reminder_log	Users view their reminder logs	PERMISSIVE	{public}	SELECT	(auth.uid() = user_id)	
public	invoice_reminder_rules	Users manage their reminder rules	PERMISSIVE	{public}	ALL	(auth.uid() = user_id)	(auth.uid() = user_id)
public	invoice_reminder_settings	Users manage their reminder settings	PERMISSIVE	{public}	ALL	(auth.uid() = user_id)	(auth.uid() = user_id)
public	invoice_reminders	Users manage their invoice reminders	PERMISSIVE	{public}	ALL	(auth.uid() = user_id)	(auth.uid() = user_id)
public	invoice_reminders	Users manage their reminders	PERMISSIVE	{public}	ALL	(auth.uid() = user_id)	(auth.uid() = user_id)
public	invoice_scheduled_reminders	Users manage their scheduled reminders	PERMISSIVE	{public}	ALL	(auth.uid() = user_id)	(auth.uid() = user_id)
public	invoices	Portal access by token	PERMISSIVE	{public}	SELECT	(portal_token IS NOT NULL)	
public	invoices	Users manage own invoices	PERMISSIVE	{public}	ALL	(auth.uid() = user_id)	
public	job_opportunities	Users manage their job opportunities	PERMISSIVE	{public}	ALL	(auth.uid() = user_id)	(auth.uid() = user_id)
public	kanban_boards	Users manage their boards	PERMISSIVE	{public}	ALL	(auth.uid() = user_id)	(auth.uid() = user_id)
public	kanban_cards	Users manage their cards	PERMISSIVE	{public}	ALL	(auth.uid() = user_id)	(auth.uid() = user_id)
public	kb_articles	Users manage their kb	PERMISSIVE	{public}	ALL	(auth.uid() = user_id)	(auth.uid() = user_id)
public	kb_articles	Users manage their kb articles	PERMISSIVE	{public}	ALL	(auth.uid() = user_id)	(auth.uid() = user_id)
public	kb_settings	Users manage kb settings	PERMISSIVE	{public}	ALL	(auth.uid() = user_id)	(auth.uid() = user_id)
public	kickoff_emails	Users manage kickoff emails	PERMISSIVE	{public}	ALL	(auth.uid() = user_id)	(auth.uid() = user_id)
public	knowledge_articles	Users manage their knowledge base	PERMISSIVE	{public}	ALL	(auth.uid() = user_id)	(auth.uid() = user_id)
public	late_fee_log	Users manage their late fee log	PERMISSIVE	{public}	ALL	(auth.uid() = user_id)	(auth.uid() = user_id)
public	leads	Users manage their leads	PERMISSIVE	{public}	ALL	(auth.uid() = user_id)	(auth.uid() = user_id)
public	leads	Users manage their own leads	PERMISSIVE	{public}	ALL	(auth.uid() = user_id)	(auth.uid() = user_id)
public	learning_goals	Users manage their learning goals	PERMISSIVE	{public}	ALL	(auth.uid() = user_id)	(auth.uid() = user_id)
public	learning_items	Users manage their learning items	PERMISSIVE	{public}	ALL	(auth.uid() = user_id)	(auth.uid() = user_id)
public	line_item_templates	Users manage their line item templates	PERMISSIVE	{public}	ALL	(auth.uid() = user_id)	(auth.uid() = user_id)
public	linkedin_posts	Users manage their linkedin posts	PERMISSIVE	{public}	ALL	(auth.uid() = user_id)	(auth.uid() = user_id)
public	ltv_predictions	Users manage their ltv predictions	PERMISSIVE	{public}	ALL	(auth.uid() = user_id)	(auth.uid() = user_id)
public	meeting_notes	Users manage their meeting notes	PERMISSIVE	{public}	ALL	(auth.uid() = user_id)	(auth.uid() = user_id)
public	meeting_roi_logs	Users manage meeting ROI logs	PERMISSIVE	{public}	ALL	(auth.uid() = user_id)	(auth.uid() = user_id)
public	meetings	Users manage their meetings	PERMISSIVE	{public}	ALL	(auth.uid() = user_id)	(auth.uid() = user_id)
public	milestone_billing_plans	Users manage billing plans	PERMISSIVE	{public}	ALL	(auth.uid() = user_id)	(auth.uid() = user_id)
public	monthly_goals	Users manage their goals	PERMISSIVE	{public}	ALL	(auth.uid() = user_id)	(auth.uid() = user_id)
public	monthly_reviews	Users manage their monthly reviews	PERMISSIVE	{public}	ALL	(auth.uid() = user_id)	(auth.uid() = user_id)
public	mood_entries	Users manage their mood entries	PERMISSIVE	{public}	ALL	(auth.uid() = user_id)	(auth.uid() = user_id)
public	mrr_subscriptions	Users manage their mrr subscriptions	PERMISSIVE	{public}	ALL	(auth.uid() = user_id)	(auth.uid() = user_id)
public	negotiation_sessions	Users manage their negotiation sessions	PERMISSIVE	{public}	ALL	(auth.uid() = user_id)	(auth.uid() = user_id)
public	negotiations	Users manage negotiations	PERMISSIVE	{public}	ALL	(auth.uid() = user_id)	(auth.uid() = user_id)
public	net_worth_items	Users manage their net worth items	PERMISSIVE	{public}	ALL	(auth.uid() = user_id)	(auth.uid() = user_id)
public	net_worth_snapshots	Users manage their net worth snapshots	PERMISSIVE	{public}	ALL	(auth.uid() = user_id)	(auth.uid() = user_id)
public	network_contacts	Users manage their network	PERMISSIVE	{public}	ALL	(auth.uid() = user_id)	(auth.uid() = user_id)
public	network_contacts	Users manage their network contacts	PERMISSIVE	{public}	ALL	(auth.uid() = user_id)	(auth.uid() = user_id)
public	network_referrals	Users manage their referrals	PERMISSIVE	{public}	ALL	(auth.uid() = user_id)	(auth.uid() = user_id)
public	networking_events	Users manage their networking events	PERMISSIVE	{public}	ALL	(auth.uid() = user_id)	(auth.uid() = user_id)
public	niche_analyses	Users manage their niche analyses	PERMISSIVE	{public}	ALL	(auth.uid() = user_id)	(auth.uid() = user_id)
public	niche_packages	Users manage their niche packages	PERMISSIVE	{public}	ALL	(auth.uid() = user_id)	(auth.uid() = user_id)
public	niche_research	Users manage their niche research	PERMISSIVE	{public}	ALL	(auth.uid() = user_id)	(auth.uid() = user_id)
public	notes	Users manage own notes	PERMISSIVE	{public}	ALL	(auth.uid() = user_id)	
public	notes	Users manage their notes	PERMISSIVE	{public}	ALL	(auth.uid() = user_id)	(auth.uid() = user_id)
public	notifications	Users manage own notifications	PERMISSIVE	{public}	ALL	(auth.uid() = user_id)	
public	notifications	Users manage their own notifications	PERMISSIVE	{public}	ALL	(auth.uid() = user_id)	(auth.uid() = user_id)
public	nps_responses	Users manage their NPS responses	PERMISSIVE	{public}	ALL	(auth.uid() = user_id)	(auth.uid() = user_id)
public	nps_surveys	Users manage their NPS surveys	PERMISSIVE	{public}	ALL	(auth.uid() = user_id)	(auth.uid() = user_id)
public	offboarding_checklists	Users manage offboarding checklists	PERMISSIVE	{public}	ALL	(auth.uid() = user_id)	(auth.uid() = user_id)
public	okr_key_results	Users manage their key results	PERMISSIVE	{public}	ALL	(auth.uid() = user_id)	(auth.uid() = user_id)
public	okr_objectives	Users manage their objectives	PERMISSIVE	{public}	ALL	(auth.uid() = user_id)	(auth.uid() = user_id)
public	onboarding_checklists	Users manage their checklists	PERMISSIVE	{public}	ALL	(auth.uid() = user_id)	(auth.uid() = user_id)
public	onboarding_checklists	Users manage their onboarding checklists	PERMISSIVE	{public}	ALL	(auth.uid() = user_id)	(auth.uid() = user_id)
public	onboarding_flows	Users manage their onboarding flows	PERMISSIVE	{public}	ALL	(auth.uid() = user_id)	(auth.uid() = user_id)
public	onboarding_items	Users manage onboarding items	PERMISSIVE	{public}	ALL	(auth.uid() = user_id)	(auth.uid() = user_id)
public	onboarding_items	Users manage their onboarding items	PERMISSIVE	{public}	ALL	(auth.uid() = user_id)	(auth.uid() = user_id)
public	onboarding_kits	Users manage onboarding kits	PERMISSIVE	{public}	ALL	(auth.uid() = user_id)	(auth.uid() = user_id)
public	onboarding_progress	Users manage their onboarding	PERMISSIVE	{public}	ALL	(auth.uid() = user_id)	(auth.uid() = user_id)
public	onboarding_progress	onboarding_progress_user_363	PERMISSIVE	{public}	ALL	(auth.uid() = user_id)	(auth.uid() = user_id)
public	onboarding_runs	Users manage their onboarding runs	PERMISSIVE	{public}	ALL	(auth.uid() = user_id)	(auth.uid() = user_id)
public	onboarding_steps	onboarding_steps_user_363	PERMISSIVE	{public}	ALL	(auth.uid() = user_id)	(auth.uid() = user_id)
public	onboarding_template_items	Users manage template items	PERMISSIVE	{public}	ALL	(EXISTS ( SELECT 1
   FROM onboarding_templates t
  WHERE ((t.id = onboarding_template_items.template_id) AND (t.user_id = auth.uid()))))	(EXISTS ( SELECT 1
   FROM onboarding_templates t
  WHERE ((t.id = onboarding_template_items.template_id) AND (t.user_id = auth.uid()))))
public	onboarding_templates	Users manage their onboarding templates	PERMISSIVE	{public}	ALL	(auth.uid() = user_id)	(auth.uid() = user_id)
public	onboarding_templates	onboarding_templates_user_363	PERMISSIVE	{public}	ALL	(auth.uid() = user_id)	(auth.uid() = user_id)
public	opportunity_evaluations	Users manage opportunity evaluations	PERMISSIVE	{public}	ALL	(auth.uid() = user_id)	(auth.uid() = user_id)
public	outreach_campaigns	Users manage campaigns	PERMISSIVE	{public}	ALL	(auth.uid() = user_id)	(auth.uid() = user_id)
public	outreach_campaigns	Users manage their campaigns	PERMISSIVE	{public}	ALL	(auth.uid() = user_id)	(auth.uid() = user_id)
public	outreach_contacts	Users manage their outreach contacts	PERMISSIVE	{public}	ALL	(auth.uid() = user_id)	(auth.uid() = user_id)
public	outreach_dm_sets	Users manage their outreach dm sets	PERMISSIVE	{public}	ALL	(auth.uid() = user_id)	(auth.uid() = user_id)
public	outreach_messages	Users manage their messages	PERMISSIVE	{public}	ALL	(auth.uid() = user_id)	(auth.uid() = user_id)
public	outreach_messages	Users manage their outreach messages	PERMISSIVE	{public}	ALL	(auth.uid() = user_id)	(auth.uid() = user_id)
public	outreach_prospects	Users manage prospects	PERMISSIVE	{public}	ALL	(auth.uid() = user_id)	(auth.uid() = user_id)
public	outreach_prospects	Users manage their prospects	PERMISSIVE	{public}	ALL	(auth.uid() = user_id)	(auth.uid() = user_id)
public	outreach_sequences	Users manage outreach sequences	PERMISSIVE	{public}	ALL	(auth.uid() = user_id)	(auth.uid() = user_id)
public	outreach_sequences	Users manage their sequences	PERMISSIVE	{public}	ALL	(auth.uid() = user_id)	(auth.uid() = user_id)
public	payment_chasers	Users manage their chasers	PERMISSIVE	{public}	ALL	(auth.uid() = user_id)	(auth.uid() = user_id)
public	payment_escalations	Users manage their escalations	PERMISSIVE	{public}	ALL	(auth.uid() = user_id)	(auth.uid() = user_id)
public	payment_milestones	Users manage their milestones	PERMISSIVE	{public}	ALL	(auth.uid() = user_id)	(auth.uid() = user_id)
public	payment_reminder_log	Users view their reminder log	PERMISSIVE	{public}	ALL	(auth.uid() = user_id)	(auth.uid() = user_id)
public	payment_reminder_sequences	Users manage their reminder sequences	PERMISSIVE	{public}	ALL	(auth.uid() = user_id)	(auth.uid() = user_id)
public	payment_schedules	Users manage their payment schedules	PERMISSIVE	{public}	ALL	(auth.uid() = user_id)	(auth.uid() = user_id)
public	personal_expenses	Users manage their personal expenses	PERMISSIVE	{public}	ALL	(auth.uid() = user_id)	(auth.uid() = user_id)
public	pipeline_leads	Users manage their pipeline	PERMISSIVE	{public}	ALL	(auth.uid() = user_id)	(auth.uid() = user_id)
public	pipeline_leads	Users manage their pipeline leads	PERMISSIVE	{public}	ALL	(auth.uid() = user_id)	(auth.uid() = user_id)
public	pitch_decks	Users manage their pitch decks	PERMISSIVE	{public}	ALL	(auth.uid() = user_id)	(auth.uid() = user_id)
public	pitch_practice_sessions	Users manage pitch practice	PERMISSIVE	{public}	ALL	(auth.uid() = user_id)	(auth.uid() = user_id)
public	pomodoro_sessions	Users manage their pomodoro sessions	PERMISSIVE	{public}	ALL	(auth.uid() = user_id)	(auth.uid() = user_id)
public	pomodoro_settings	Users manage their pomodoro settings	PERMISSIVE	{public}	ALL	(auth.uid() = user_id)	(auth.uid() = user_id)
public	portal_files	Users manage portal files	PERMISSIVE	{public}	ALL	(auth.uid() = user_id)	(auth.uid() = user_id)
public	portal_messages	Freelancer manages their messages	PERMISSIVE	{public}	ALL	(auth.uid() = user_id)	(auth.uid() = user_id)
public	portal_messages	Users manage their portal messages	PERMISSIVE	{public}	ALL	(auth.uid() = user_id)	(auth.uid() = user_id)
public	portfolio_contact_submissions	Users manage their portfolio contacts	PERMISSIVE	{public}	ALL	(auth.uid() = user_id)	(auth.uid() = user_id)
public	portfolio_faqs	Users manage their FAQs	PERMISSIVE	{public}	ALL	(auth.uid() = user_id)	(auth.uid() = user_id)
public	portfolio_items	Portfolio items are public	PERMISSIVE	{public}	SELECT	true	
public	portfolio_items	Users manage their portfolio	PERMISSIVE	{public}	ALL	(auth.uid() = user_id)	(auth.uid() = user_id)
public	portfolio_settings	Users manage their portfolio	PERMISSIVE	{public}	ALL	(auth.uid() = user_id)	(auth.uid() = user_id)
public	positioning_statements	Users manage positioning statements	PERMISSIVE	{public}	ALL	(auth.uid() = user_id)	(auth.uid() = user_id)
public	press_kits	Users manage press kits	PERMISSIVE	{public}	ALL	(auth.uid() = user_id)	(auth.uid() = user_id)
public	pricing_pages	Public can view published pricing pages	PERMISSIVE	{public}	SELECT	(is_published = true)	
public	pricing_pages	Users manage their pricing pages	PERMISSIVE	{public}	ALL	(auth.uid() = user_id)	(auth.uid() = user_id)
public	pricing_strategies	Users manage their pricing strategies	PERMISSIVE	{public}	ALL	(auth.uid() = user_id)	(auth.uid() = user_id)
public	productivity_logs	productivity_logs_owner	PERMISSIVE	{public}	ALL	(auth.uid() = user_id)	
public	productivity_sessions	Users manage their sessions	PERMISSIVE	{public}	ALL	(auth.uid() = user_id)	(auth.uid() = user_id)
public	professional_bios	Users manage their bios	PERMISSIVE	{public}	ALL	(auth.uid() = user_id)	(auth.uid() = user_id)
public	profile_inquiries	Users view their profile inquiries	PERMISSIVE	{public}	ALL	(auth.uid() = user_id)	(auth.uid() = user_id)
public	profile_optimizations	Users manage profile optimizations	PERMISSIVE	{public}	ALL	(auth.uid() = user_id)	(auth.uid() = user_id)
public	profiles	Service role can insert profiles	PERMISSIVE	{public}	INSERT		true
public	profiles	Users can update own profile	PERMISSIVE	{public}	UPDATE	(auth.uid() = id)	
public	profiles	Users can view own profile	PERMISSIVE	{public}	SELECT	(auth.uid() = id)	
public	project_briefs	Users manage their project briefs	PERMISSIVE	{public}	ALL	(auth.uid() = user_id)	(auth.uid() = user_id)
public	project_budgets	Users manage their project budgets	PERMISSIVE	{public}	ALL	(auth.uid() = user_id)	(auth.uid() = user_id)
public	project_checkins	Users manage their checkins	PERMISSIVE	{public}	ALL	(auth.uid() = user_id)	(auth.uid() = user_id)
public	project_checklists	Users manage their checklists	PERMISSIVE	{public}	ALL	(auth.uid() = user_id)	(auth.uid() = user_id)
public	project_closeouts	Users manage their closeouts	PERMISSIVE	{public}	ALL	(auth.uid() = user_id)	(auth.uid() = user_id)
public	project_costs	Users manage project costs	PERMISSIVE	{public}	ALL	(auth.uid() = user_id)	(auth.uid() = user_id)
public	project_debriefs	Users manage project debriefs	PERMISSIVE	{public}	ALL	(auth.uid() = user_id)	(auth.uid() = user_id)
public	project_decisions	Users manage their decisions	PERMISSIVE	{public}	ALL	(auth.uid() = user_id)	(auth.uid() = user_id)
public	project_deliverables	Users manage their deliverables	PERMISSIVE	{public}	ALL	(auth.uid() = user_id)	(auth.uid() = user_id)
public	project_estimates	Users manage their estimates	PERMISSIVE	{public}	ALL	(auth.uid() = user_id)	(auth.uid() = user_id)
public	project_files	Users manage their project files	PERMISSIVE	{public}	ALL	(auth.uid() = user_id)	(auth.uid() = user_id)
public	project_handoffs	Public view by token	PERMISSIVE	{public}	SELECT	(is_public = true)	
public	project_handoffs	Users manage their handoffs	PERMISSIVE	{public}	ALL	(auth.uid() = user_id)	(auth.uid() = user_id)
public	project_inquiries	Freelancers see their inquiries	PERMISSIVE	{public}	ALL	(auth.uid() = freelancer_user_id)	(auth.uid() = freelancer_user_id)
public	project_labels	Users manage their labels	PERMISSIVE	{public}	ALL	(auth.uid() = user_id)	(auth.uid() = user_id)
public	project_labels	Users manage their project labels	PERMISSIVE	{public}	ALL	(auth.uid() = user_id)	(auth.uid() = user_id)
public	project_milestones	Users manage their milestones	PERMISSIVE	{public}	ALL	(auth.uid() = user_id)	(auth.uid() = user_id)
public	project_notes	Users manage their project notes	PERMISSIVE	{public}	ALL	(auth.uid() = user_id)	(auth.uid() = user_id)
public	project_onboarding	Users manage their project onboarding	PERMISSIVE	{public}	ALL	(auth.uid() = user_id)	(auth.uid() = user_id)
public	project_pnl_reports	Users manage their pnl reports	PERMISSIVE	{public}	ALL	(auth.uid() = user_id)	(auth.uid() = user_id)
public	project_resources	Users manage their resources	PERMISSIVE	{public}	ALL	(auth.uid() = user_id)	(auth.uid() = user_id)
public	project_retrospectives	Users manage their retrospectives	PERMISSIVE	{public}	ALL	(auth.uid() = user_id)	(auth.uid() = user_id)
public	project_risks	Users manage their project risks	PERMISSIVE	{public}	ALL	(auth.uid() = user_id)	(auth.uid() = user_id)
public	project_scope_changes	Users manage their scope changes	PERMISSIVE	{public}	ALL	(auth.uid() = user_id)	(auth.uid() = user_id)
public	project_status_pages	Users manage their status pages	PERMISSIVE	{public}	ALL	(auth.uid() = user_id)	(auth.uid() = user_id)
public	project_status_reports	Users manage their status reports	PERMISSIVE	{public}	ALL	(auth.uid() = user_id)	(auth.uid() = user_id)
public	project_surveys	Users manage their project surveys	PERMISSIVE	{authenticated}	ALL	(auth.uid() = user_id)	(auth.uid() = user_id)
public	project_tags	Users manage their project tags	PERMISSIVE	{public}	ALL	(EXISTS ( SELECT 1
   FROM projects
  WHERE ((projects.id = project_tags.project_id) AND (projects.user_id = auth.uid()))))	(EXISTS ( SELECT 1
   FROM projects
  WHERE ((projects.id = project_tags.project_id) AND (projects.user_id = auth.uid()))))
public	project_tasks	Users manage their own tasks	PERMISSIVE	{public}	ALL	(auth.uid() = user_id)	(auth.uid() = user_id)
public	project_tasks	Users manage their tasks	PERMISSIVE	{public}	ALL	(auth.uid() = user_id)	(auth.uid() = user_id)
public	project_templates	Users manage their own templates	PERMISSIVE	{public}	ALL	(auth.uid() = user_id)	(auth.uid() = user_id)
public	project_templates	Users manage their project templates	PERMISSIVE	{public}	ALL	(auth.uid() = user_id)	(auth.uid() = user_id)
public	project_templates_v2	Users manage their templates v2	PERMISSIVE	{public}	ALL	((user_id = auth.uid()) OR (is_builtin = true))	(auth.uid() = user_id)
public	project_updates	Public read project updates	PERMISSIVE	{public}	SELECT	(is_public = true)	
public	project_updates	Users manage their project updates	PERMISSIVE	{public}	ALL	(auth.uid() = user_id)	(auth.uid() = user_id)
public	project_velocity_logs	Users manage velocity logs	PERMISSIVE	{public}	ALL	(auth.uid() = user_id)	(auth.uid() = user_id)
public	projects	Users manage own projects	PERMISSIVE	{public}	ALL	(auth.uid() = user_id)	
public	proof_walls	Users manage their proof wall	PERMISSIVE	{public}	ALL	(auth.uid() = user_id)	(auth.uid() = user_id)
public	proposal_documents	Users manage their proposal documents	PERMISSIVE	{public}	ALL	(auth.uid() = user_id)	(auth.uid() = user_id)
public	proposal_draft_versions	proposal_draft_versions_owner	PERMISSIVE	{public}	ALL	(EXISTS ( SELECT 1
   FROM proposal_drafts
  WHERE ((proposal_drafts.id = proposal_draft_versions.proposal_id) AND (proposal_drafts.user_id = auth.uid()))))	
public	proposal_drafts	proposal_drafts_owner	PERMISSIVE	{public}	ALL	(auth.uid() = user_id)	(auth.uid() = user_id)
public	proposal_drafts	proposal_drafts_public_review	PERMISSIVE	{public}	SELECT	(review_token IS NOT NULL)	
public	proposal_profile	Users manage their proposal profile	PERMISSIVE	{public}	ALL	(auth.uid() = user_id)	(auth.uid() = user_id)
public	proposal_templates	Users manage own templates	PERMISSIVE	{public}	ALL	(auth.uid() = user_id)	(auth.uid() = user_id)
public	proposal_templates	Users manage their proposal templates	PERMISSIVE	{public}	ALL	(auth.uid() = user_id)	(auth.uid() = user_id)
public	proposal_templates	Users see builtin and own proposal templates	PERMISSIVE	{public}	SELECT	((is_builtin = true) OR (auth.uid() = user_id))	
public	proposal_templates	Users see own and builtin templates	PERMISSIVE	{public}	SELECT	((auth.uid() = user_id) OR (is_builtin = true))	
public	proposal_views	Users can view analytics for their own proposals	PERMISSIVE	{authenticated}	SELECT	(proposal_id IN ( SELECT proposal_drafts.id
   FROM proposal_drafts
  WHERE (proposal_drafts.user_id = auth.uid())))	
public	quarterly_reviews	Users manage quarterly reviews	PERMISSIVE	{public}	ALL	(auth.uid() = user_id)	(auth.uid() = user_id)
public	questionnaire_responses	Users manage their responses	PERMISSIVE	{public}	ALL	(auth.uid() = user_id)	(auth.uid() = user_id)
public	questionnaires	Users manage their questionnaires	PERMISSIVE	{public}	ALL	(auth.uid() = user_id)	(auth.uid() = user_id)
public	quote_items	Users manage their quote items	PERMISSIVE	{public}	ALL	(EXISTS ( SELECT 1
   FROM quotes
  WHERE ((quotes.id = quote_items.quote_id) AND (quotes.user_id = auth.uid()))))	
public	quotes	Users manage their quotes	PERMISSIVE	{public}	ALL	(auth.uid() = user_id)	(auth.uid() = user_id)
public	rate_calculations	Users manage their rate calculations	PERMISSIVE	{public}	ALL	(auth.uid() = user_id)	(auth.uid() = user_id)
public	rate_card_services	Public read rate_card_services	PERMISSIVE	{public}	SELECT	true	
public	rate_card_services	Users manage their rate card	PERMISSIVE	{public}	ALL	(auth.uid() = user_id)	(auth.uid() = user_id)
public	rate_card_services	Users manage their rate card services	PERMISSIVE	{public}	ALL	(auth.uid() = user_id)	(auth.uid() = user_id)
public	rate_card_services	Users manage their services	PERMISSIVE	{public}	ALL	(auth.uid() = user_id)	
public	rate_card_settings	Public read rate_card_settings	PERMISSIVE	{public}	SELECT	true	
public	rate_card_settings	Users manage their rate card settings	PERMISSIVE	{public}	ALL	(auth.uid() = user_id)	
public	rate_card_v2	Users manage rate cards v2	PERMISSIVE	{public}	ALL	(auth.uid() = user_id)	(auth.uid() = user_id)
public	rate_cards	Users manage their rate cards	PERMISSIVE	{public}	ALL	(auth.uid() = user_id)	(auth.uid() = user_id)
public	rate_history	Users manage their rate history	PERMISSIVE	{public}	ALL	(auth.uid() = user_id)	(auth.uid() = user_id)
public	rate_increase_history	Users manage their rate history	PERMISSIVE	{public}	ALL	(auth.uid() = user_id)	(auth.uid() = user_id)
public	rate_increase_letters	Users manage rate increase letters	PERMISSIVE	{public}	ALL	(auth.uid() = user_id)	(auth.uid() = user_id)
public	rate_increase_plans	Users manage their rate plans	PERMISSIVE	{public}	ALL	(auth.uid() = user_id)	(auth.uid() = user_id)
public	rate_negotiations	Users manage their rate negotiations	PERMISSIVE	{public}	ALL	(auth.uid() = user_id)	(auth.uid() = user_id)
public	recurring_expenses	Users manage their recurring expenses	PERMISSIVE	{public}	ALL	(auth.uid() = user_id)	(auth.uid() = user_id)
public	recurring_invoices	Users manage their recurring invoices	PERMISSIVE	{public}	ALL	(auth.uid() = user_id)	(auth.uid() = user_id)
public	recurring_schedules	Users manage their recurring schedules	PERMISSIVE	{public}	ALL	(auth.uid() = user_id)	(auth.uid() = user_id)
public	recurring_task_log	Users manage their recurring task log	PERMISSIVE	{public}	ALL	(auth.uid() = user_id)	(auth.uid() = user_id)
public	recurring_tasks	Users manage their recurring tasks	PERMISSIVE	{public}	ALL	(auth.uid() = user_id)	(auth.uid() = user_id)
public	referral_contacts	Users manage their referral contacts	PERMISSIVE	{public}	ALL	(auth.uid() = user_id)	(auth.uid() = user_id)
public	referral_requests	Users manage referral requests	PERMISSIVE	{public}	ALL	(auth.uid() = user_id)	(auth.uid() = user_id)
public	referral_rewards	Users manage their referral rewards	PERMISSIVE	{public}	ALL	(auth.uid() = user_id)	(auth.uid() = user_id)
public	referrals	Users manage referrals	PERMISSIVE	{public}	ALL	(auth.uid() = user_id)	(auth.uid() = user_id)
public	referrals	Users manage their referrals	PERMISSIVE	{public}	ALL	(auth.uid() = user_id)	(auth.uid() = user_id)
public	reminder_log	Users view their reminder log	PERMISSIVE	{public}	ALL	(auth.uid() = user_id)	
public	reminder_settings	Users manage their reminder settings	PERMISSIVE	{public}	ALL	(auth.uid() = user_id)	(auth.uid() = user_id)
public	retainer_agreements	Users manage their retainer agreements	PERMISSIVE	{public}	ALL	(auth.uid() = user_id)	(auth.uid() = user_id)
public	retainer_contract_payments	Users manage their retainer contract payments	PERMISSIVE	{public}	ALL	(auth.uid() = user_id)	(auth.uid() = user_id)
public	retainer_contracts	Users manage their retainer contracts	PERMISSIVE	{public}	ALL	(auth.uid() = user_id)	(auth.uid() = user_id)
public	retainer_contracts	Users manage their retainers	PERMISSIVE	{public}	ALL	(auth.uid() = user_id)	(auth.uid() = user_id)
public	retainer_hours	Users manage their retainer hours	PERMISSIVE	{public}	ALL	(auth.uid() = user_id)	(auth.uid() = user_id)
public	retainer_mgr_agreements	Users manage retainer mgr agreements	PERMISSIVE	{public}	ALL	(auth.uid() = user_id)	(auth.uid() = user_id)
public	retainer_mgr_months	Users manage retainer mgr months	PERMISSIVE	{public}	ALL	(auth.uid() = user_id)	(auth.uid() = user_id)
public	retainer_payments	Users manage retainer payments	PERMISSIVE	{public}	ALL	(auth.uid() = user_id)	(auth.uid() = user_id)
public	retainer_proposals	Users manage their retainer proposals	PERMISSIVE	{public}	ALL	(auth.uid() = user_id)	(auth.uid() = user_id)
public	retainer_usage	Users manage their retainer usage	PERMISSIVE	{public}	ALL	(auth.uid() = user_id)	(auth.uid() = user_id)
public	retainers	Users manage their retainers	PERMISSIVE	{public}	ALL	(auth.uid() = user_id)	(auth.uid() = user_id)
public	revenue_forecasts	Users manage revenue forecasts	PERMISSIVE	{public}	ALL	(auth.uid() = user_id)	(auth.uid() = user_id)
public	revenue_goals	Users manage their goals	PERMISSIVE	{public}	ALL	(auth.uid() = user_id)	(auth.uid() = user_id)
public	revenue_goals	Users manage their own goals	PERMISSIVE	{public}	ALL	(auth.uid() = user_id)	(auth.uid() = user_id)
public	revenue_goals	Users manage their own revenue goals	PERMISSIVE	{public}	ALL	(auth.uid() = user_id)	(auth.uid() = user_id)
public	revenue_goals	Users manage their revenue goals	PERMISSIVE	{public}	ALL	(auth.uid() = user_id)	(auth.uid() = user_id)
public	revenue_goals_v2	Users manage their revenue goals v2	PERMISSIVE	{public}	ALL	(auth.uid() = user_id)	(auth.uid() = user_id)
public	revenue_leak_analyses	Users manage own revenue leak analyses	PERMISSIVE	{public}	ALL	(auth.uid() = user_id)	(auth.uid() = user_id)
public	revenue_leak_analyses	Users manage revenue leak analyses	PERMISSIVE	{public}	ALL	(auth.uid() = user_id)	(auth.uid() = user_id)
public	revenue_milestones	Users manage their milestones	PERMISSIVE	{public}	ALL	(auth.uid() = user_id)	(auth.uid() = user_id)
public	risk_assessments	Users manage their risk assessments	PERMISSIVE	{public}	ALL	(auth.uid() = user_id)	(auth.uid() = user_id)
public	runway_settings	Users manage their runway settings	PERMISSIVE	{public}	ALL	(auth.uid() = user_id)	(auth.uid() = user_id)
public	satisfaction_ratings	Users manage their satisfaction ratings	PERMISSIVE	{public}	ALL	(auth.uid() = user_id)	(auth.uid() = user_id)
public	satisfaction_surveys	Users manage their surveys	PERMISSIVE	{public}	ALL	(auth.uid() = user_id)	(auth.uid() = user_id)
public	savings_goals	Users manage their savings goals	PERMISSIVE	{public}	ALL	(auth.uid() = user_id)	(auth.uid() = user_id)
public	savings_snapshots	Users manage their savings	PERMISSIVE	{public}	ALL	(auth.uid() = user_id)	(auth.uid() = user_id)
public	savings_transactions	Users manage their savings transactions	PERMISSIVE	{public}	ALL	(auth.uid() = user_id)	(auth.uid() = user_id)
public	scenario_plans	Users manage their scenario plans	PERMISSIVE	{public}	ALL	(auth.uid() = user_id)	(auth.uid() = user_id)
public	schedule_preferences	Users manage their schedule preferences	PERMISSIVE	{public}	ALL	(auth.uid() = user_id)	(auth.uid() = user_id)
public	scope_analyses	Users manage their analyses	PERMISSIVE	{public}	ALL	(auth.uid() = user_id)	(auth.uid() = user_id)
public	scope_changes	Users manage scope changes	PERMISSIVE	{public}	ALL	(auth.uid() = user_id)	(auth.uid() = user_id)
public	scope_changes	Users manage their scope changes	PERMISSIVE	{public}	ALL	(auth.uid() = user_id)	(auth.uid() = user_id)
public	scope_checks	Users manage their scope checks	PERMISSIVE	{public}	ALL	(auth.uid() = user_id)	(auth.uid() = user_id)
public	scope_estimates	Users manage scope estimates	PERMISSIVE	{public}	ALL	(auth.uid() = user_id)	(auth.uid() = user_id)
public	scope_estimates	Users manage their scope estimates	PERMISSIVE	{public}	ALL	(auth.uid() = user_id)	(auth.uid() = user_id)
public	service_descriptions	Users manage service descriptions	PERMISSIVE	{public}	ALL	(auth.uid() = user_id)	(auth.uid() = user_id)
public	service_launch_plans	Users manage service launch plans	PERMISSIVE	{public}	ALL	(auth.uid() = user_id)	(auth.uid() = user_id)
public	service_packages	Public can view active service packages	PERMISSIVE	{public}	SELECT	(is_active = true)	
public	service_packages	Users manage their own packages	PERMISSIVE	{public}	ALL	(auth.uid() = user_id)	(auth.uid() = user_id)
public	service_packages	Users manage their service packages	PERMISSIVE	{public}	ALL	(auth.uid() = user_id)	(auth.uid() = user_id)
public	service_pages	Users manage their service pages	PERMISSIVE	{public}	ALL	(auth.uid() = user_id)	(auth.uid() = user_id)
public	session_notes	session_notes_owner	PERMISSIVE	{public}	ALL	(auth.uid() = user_id)	
public	skill_learning_goals	Users manage their skill learning goals	PERMISSIVE	{public}	ALL	(auth.uid() = user_id)	(auth.uid() = user_id)
public	skills	Users manage their skills	PERMISSIVE	{public}	ALL	(auth.uid() = user_id)	(auth.uid() = user_id)
public	skills_gap_analyses	Users manage skills gap analyses	PERMISSIVE	{public}	ALL	(auth.uid() = user_id)	(auth.uid() = user_id)
public	sla_documents	Users manage their sla documents	PERMISSIVE	{public}	ALL	(auth.uid() = user_id)	(auth.uid() = user_id)
public	smtp_connections	Users manage own smtp connection	PERMISSIVE	{public}	ALL	(auth.uid() = user_id)	(auth.uid() = user_id)
public	smtp_connections	Users manage own smtp connections	PERMISSIVE	{public}	ALL	(auth.uid() = user_id)	
public	snippets	Users manage their snippets	PERMISSIVE	{public}	ALL	(auth.uid() = user_id)	(auth.uid() = user_id)
public	snooze_reminders	Users manage their reminders	PERMISSIVE	{public}	ALL	(auth.uid() = user_id)	(auth.uid() = user_id)
public	social_bios	Users manage their bios	PERMISSIVE	{public}	ALL	(auth.uid() = user_id)	(auth.uid() = user_id)
public	sop_documents	Users manage SOP documents	PERMISSIVE	{public}	ALL	(auth.uid() = user_id)	(auth.uid() = user_id)
public	sow_documents	Users manage their SOW documents	PERMISSIVE	{public}	ALL	(auth.uid() = user_id)	(auth.uid() = user_id)
public	sprint_plans	sprint_plans_owner	PERMISSIVE	{public}	ALL	(auth.uid() = user_id)	
public	standup_logs	Users manage their standup logs	PERMISSIVE	{public}	ALL	(auth.uid() = user_id)	(auth.uid() = user_id)
public	standups	Users manage their standups	PERMISSIVE	{public}	ALL	(auth.uid() = user_id)	(auth.uid() = user_id)
public	status_reports	Users manage their status reports	PERMISSIVE	{public}	ALL	(auth.uid() = user_id)	(auth.uid() = user_id)
public	status_updates	Users manage their status updates	PERMISSIVE	{public}	ALL	(auth.uid() = user_id)	(auth.uid() = user_id)
public	sub_assignments	Users manage sub assignments	PERMISSIVE	{public}	ALL	(auth.uid() = user_id)	(auth.uid() = user_id)
public	sub_payments	Users manage sub payments	PERMISSIVE	{public}	ALL	(auth.uid() = user_id)	(auth.uid() = user_id)
public	subcontractor_assignments	Users manage subcontractor assignments	PERMISSIVE	{public}	ALL	(auth.uid() = user_id)	(auth.uid() = user_id)
public	subcontractor_assignments	Users manage their sub assignments	PERMISSIVE	{public}	ALL	(auth.uid() = user_id)	(auth.uid() = user_id)
public	subcontractor_payments	Users manage subcontractor payments	PERMISSIVE	{public}	ALL	(auth.uid() = user_id)	(auth.uid() = user_id)
public	subcontractors	Users manage subcontractors	PERMISSIVE	{public}	ALL	(auth.uid() = user_id)	(auth.uid() = user_id)
public	subcontractors	Users manage their subcontractors	PERMISSIVE	{public}	ALL	(auth.uid() = user_id)	(auth.uid() = user_id)
public	subscription_events	users read own subscription events	PERMISSIVE	{public}	SELECT	((subscription_id IS NULL) OR (EXISTS ( SELECT 1
   FROM subscriptions s
  WHERE ((s.id = subscription_events.subscription_id) AND (s.user_id = auth.uid())))))	
public	subscriptions	users read own subscriptions	PERMISSIVE	{public}	SELECT	(auth.uid() = user_id)	
public	support_tickets	Users create tickets	PERMISSIVE	{public}	INSERT		(auth.uid() = user_id)
public	support_tickets	Users see own tickets	PERMISSIVE	{public}	SELECT	(auth.uid() = user_id)	
public	survey_responses	Public can insert responses	PERMISSIVE	{public}	INSERT		true
public	survey_responses	Survey owners can read responses	PERMISSIVE	{public}	SELECT	(EXISTS ( SELECT 1
   FROM client_surveys cs
  WHERE ((cs.id = survey_responses.survey_id) AND (cs.user_id = auth.uid()))))	
public	survey_responses	Users manage their survey responses	PERMISSIVE	{public}	ALL	(auth.uid() = user_id)	(auth.uid() = user_id)
public	tax_estimates	Users manage their tax estimates	PERMISSIVE	{public}	ALL	(auth.uid() = user_id)	(auth.uid() = user_id)
public	tax_events	Users manage their tax events	PERMISSIVE	{public}	ALL	(auth.uid() = user_id)	(auth.uid() = user_id)
public	tax_payments	Users manage their tax payments	PERMISSIVE	{public}	ALL	(auth.uid() = user_id)	(auth.uid() = user_id)
public	tax_profiles	Users manage their tax profile	PERMISSIVE	{public}	ALL	(auth.uid() = user_id)	(auth.uid() = user_id)
public	tax_settings	Users manage their tax settings	PERMISSIVE	{public}	ALL	(auth.uid() = user_id)	(auth.uid() = user_id)
public	team_members	Owners manage their team	PERMISSIVE	{public}	ALL	(auth.uid() = owner_id)	(auth.uid() = owner_id)
public	team_project_assignments	Owners manage assignments	PERMISSIVE	{public}	ALL	(auth.uid() = owner_id)	(auth.uid() = owner_id)
public	team_time_entries	Owners manage team time	PERMISSIVE	{public}	ALL	(auth.uid() = owner_id)	(auth.uid() = owner_id)
public	testimonial_requests	Users manage testimonial requests 797	PERMISSIVE	{public}	ALL	(auth.uid() = user_id)	(auth.uid() = user_id)
public	testimonial_requests	Users manage their testimonial requests	PERMISSIVE	{public}	ALL	(auth.uid() = user_id)	(auth.uid() = user_id)
public	testimonials	Public can read submitted testimonials	PERMISSIVE	{public}	SELECT	((submitted_at IS NOT NULL) AND (is_public = true))	
public	testimonials	Public can view approved testimonials	PERMISSIVE	{public}	SELECT	(status = 'approved'::text)	
public	testimonials	Public can view public testimonials	PERMISSIVE	{public}	SELECT	(is_public = true)	
public	testimonials	Public view approved testimonials 797	PERMISSIVE	{public}	SELECT	(is_approved = true)	
public	testimonials	Users manage testimonials 797	PERMISSIVE	{public}	ALL	(auth.uid() = user_id)	(auth.uid() = user_id)
public	testimonials	Users manage their testimonials	PERMISSIVE	{public}	ALL	(auth.uid() = user_id)	(auth.uid() = user_id)
public	time_blocks	Users manage their time blocks	PERMISSIVE	{public}	ALL	(auth.uid() = user_id)	(auth.uid() = user_id)
public	time_blocks	time_blocks_owner	PERMISSIVE	{public}	ALL	(auth.uid() = user_id)	
public	time_entries	Users manage own time entries	PERMISSIVE	{public}	ALL	(auth.uid() = user_id)	
public	time_entries	Users manage their time entries	PERMISSIVE	{public}	ALL	(auth.uid() = user_id)	(auth.uid() = user_id)
public	time_off	Users manage their time off	PERMISSIVE	{public}	ALL	(auth.uid() = user_id)	(auth.uid() = user_id)
public	time_off_log	Users manage their time off	PERMISSIVE	{public}	ALL	(auth.uid() = user_id)	(auth.uid() = user_id)
public	time_reports	Users manage their time reports	PERMISSIVE	{public}	ALL	(auth.uid() = user_id)	(auth.uid() = user_id)
public	time_tags	Users manage their time tags	PERMISSIVE	{public}	ALL	(auth.uid() = user_id)	(auth.uid() = user_id)
public	timezone_clients	Users manage their timezone clients	PERMISSIVE	{public}	ALL	(auth.uid() = user_id)	(auth.uid() = user_id)
public	tool_subscriptions	Users manage their subscriptions	PERMISSIVE	{public}	ALL	(auth.uid() = user_id)	(auth.uid() = user_id)
public	user_onboarding_status	Users manage own onboarding	PERMISSIVE	{public}	ALL	(auth.uid() = user_id)	(auth.uid() = user_id)
public	user_onboarding_status	Users manage their onboarding status	PERMISSIVE	{public}	ALL	(auth.uid() = user_id)	(auth.uid() = user_id)
public	user_settings	Users manage their own settings	PERMISSIVE	{public}	ALL	(auth.uid() = user_id)	(auth.uid() = user_id)
public	user_settings	Users manage their settings	PERMISSIVE	{public}	ALL	(auth.uid() = user_id)	(auth.uid() = user_id)
public	vendor_payments	Users manage their vendor payments	PERMISSIVE	{public}	ALL	(auth.uid() = user_id)	(auth.uid() = user_id)
public	vendors	Users manage their vendors	PERMISSIVE	{public}	ALL	(auth.uid() = user_id)	(auth.uid() = user_id)
public	webhooks	Users manage own webhooks	PERMISSIVE	{public}	ALL	(auth.uid() = user_id)	
public	webhooks	Users manage their webhooks	PERMISSIVE	{public}	ALL	(auth.uid() = user_id)	(auth.uid() = user_id)
public	weekly_plans	Users manage their weekly plans	PERMISSIVE	{public}	ALL	(auth.uid() = user_id)	(auth.uid() = user_id)
public	weekly_reviews	Users manage their weekly reviews	PERMISSIVE	{public}	ALL	(auth.uid() = user_id)	(auth.uid() = user_id)
public	weekly_summaries	Users manage weekly summaries	PERMISSIVE	{public}	ALL	(auth.uid() = user_id)	(auth.uid() = user_id)
public	weekly_tasks	Users manage their weekly tasks	PERMISSIVE	{public}	ALL	(auth.uid() = user_id)	(auth.uid() = user_id)
public	weekly_time_blocks	weekly_time_blocks_owner	PERMISSIVE	{public}	ALL	(auth.uid() = user_id)	
public	wellbeing_checkins	Users manage their wellbeing checkins	PERMISSIVE	{public}	ALL	(auth.uid() = user_id)	(auth.uid() = user_id)
public	wellbeing_logs	Users manage their wellbeing logs	PERMISSIVE	{public}	ALL	(auth.uid() = user_id)	(auth.uid() = user_id)
public	wellness_logs	Users manage their wellness logs	PERMISSIVE	{public}	ALL	(auth.uid() = user_id)	(auth.uid() = user_id)
public	wfh_deduction_profiles	Users manage their deduction profiles	PERMISSIVE	{public}	ALL	(auth.uid() = user_id)	(auth.uid() = user_id)
public	winback_sends	Users manage their winback sends	PERMISSIVE	{public}	ALL	(auth.uid() = user_id)	(auth.uid() = user_id)
public	work_boundaries	Users manage their work boundaries	PERMISSIVE	{public}	ALL	(auth.uid() = user_id)	(auth.uid() = user_id)
public	work_journal	Users manage their journal	PERMISSIVE	{public}	ALL	(auth.uid() = user_id)	(auth.uid() = user_id)
public	work_journal_entries	Users manage their journal	PERMISSIVE	{public}	ALL	(auth.uid() = user_id)	(auth.uid() = user_id)
public	work_location_logs	Users manage their location logs	PERMISSIVE	{public}	ALL	(auth.uid() = user_id)	(auth.uid() = user_id)
public	work_logs	Users manage their own work logs	PERMISSIVE	{public}	ALL	(auth.uid() = user_id)	(auth.uid() = user_id)
public	work_rhythm_settings	Users manage work rhythm settings	PERMISSIVE	{public}	ALL	(auth.uid() = user_id)	(auth.uid() = user_id)
public	workflow_runs	Users manage workflow runs	PERMISSIVE	{public}	ALL	(auth.uid() = user_id)	(auth.uid() = user_id)
public	workflows	Users manage workflows	PERMISSIVE	{public}	ALL	(auth.uid() = user_id)	(auth.uid() = user_id)
